Order_Date,Product,Category,Region,Sales,Quantity,Discount,Profit
2025-01-01,Tablet,Electronics,East,2077.44,7,0.05,279.2
2025-01-04,Keyboard,Accessories,South,42.24,1,0.05,9.48
2025-01-08,Mouse,Accessories,South,94.98,4,0.1,20.75
2025-01-12,Tablet,Electronics,West,1090.1,4,0.15,141.46
2025-01-15,Headphones,Accessories,South,385.77,5,0.05,85.7
2025-01-19,Printer,Office Supplies,South,1303.46,7,0.0,287.27
2025-01-23,Mouse,Accessories,South,156.7,7,0.15,32.2
2025-01-26,Mouse,Accessories,West,84.48,4,0.15,8.67
2025-01-30,Tablet,Electronics,South,2020.66,7,0.0,395.35
2025-02-03,Mobile,Electronics,East,952.29,3,0.05,148.19
2025-02-06,Headphones,Accessories,West,489.86,6,0.0,67.26
2025-02-10,Tablet,Electronics,East,523.67,2,0.15,17.6
2025-02-14,Headphones,Accessories,West,611.11,10,0.2,106.65
2025-02-17,Headphones,Accessories,South,574.17,9,0.2,20.33
2025-02-21,Printer,Office Supplies,East,824.49,5,0.1,164.07
2025-02-25,Mouse,Accessories,West,146.71,6,0.0,30.01
2025-02-28,Keyboard,Accessories,North,173.0,4,0.0,15.63
2025-03-04,Printer,Office Supplies,South,1650.9,10,0.1,252.8
2025-03-08,Printer,Office Supplies,West,1171.27,7,0.1,222.8
2025-03-11,Headphones,Accessories,North,697.81,9,0.1,103.46
2025-03-15,Monitor,Electronics,West,1298.51,7,0.15,242.22
2025-03-19,Mouse,Accessories,North,24.63,1,0.0,4.13
2025-03-22,Mobile,Electronics,South,285.66,1,0.15,9.3
2025-03-26,Printer,Office Supplies,East,1567.56,9,0.1,332.63
2025-03-30,Keyboard,Accessories,North,421.39,9,0.0,68.18
2025-04-02,Monitor,Electronics,West,727.45,4,0.15,42.76
2025-04-06,Monitor,Electronics,South,1653.6,9,0.15,227.11
2025-04-10,Mobile,Electronics,North,985.54,3,0.1,174.48
2025-04-13,Printer,Office Supplies,West,1242.85,7,0.0,336.78
2025-04-17,Keyboard,Accessories,West,254.16,6,0.1,39.62
2025-04-21,Mouse,Accessories,West,205.9,8,0.0,33.75
2025-04-24,Laptop,Electronics,North,4596.72,9,0.2,373.23
2025-04-28,Keyboard,Accessories,North,224.12,5,0.05,14.65
2025-05-02,Mobile,Electronics,North,320.89,1,0.05,23.01
2025-05-06,Monitor,Electronics,East,598.97,3,0.05,139.91
2025-05-09,Mouse,Accessories,North,234.33,10,0.1,32.77
2025-05-13,Keyboard,Accessories,North,277.26,8,0.2,30.03
2025-05-17,Laptop,Electronics,North,3945.05,6,0.0,452.26
2025-05-20,Laptop,Electronics,East,4448.29,8,0.15,476.86
2025-05-24,Headphones,Accessories,North,741.64,9,0.0,153.53
2025-05-28,Headphones,Accessories,West,260.0,4,0.15,26.63
2025-05-31,Tablet,Electronics,North,309.41,1,0.0,55.89
2025-06-04,Mobile,Electronics,West,297.18,1,0.2,42.12
2025-06-08,Printer,Office Supplies,West,1485.91,10,0.15,61.83
2025-06-11,Keyboard,Accessories,West,167.43,4,0.1,8.42
2025-06-15,Keyboard,Accessories,East,323.24,7,0.0,86.64
2025-06-19,Printer,Office Supplies,East,368.93,2,0.0,58.16
2025-06-22,Tablet,Electronics,East,790.73,3,0.15,94.22
2025-06-26,Monitor,Electronics,North,202.14,1,0.1,47.16
2025-06-30,Monitor,Electronics,West,990.19,5,0.1,234.91
2025-07-03,Tablet,Electronics,East,256.25,1,0.2,12.6
2025-07-07,Monitor,Electronics,East,1519.08,8,0.1,98.98
2025-07-11,Headphones,Accessories,North,68.57,1,0.1,4.38
2025-07-14,Keyboard,Accessories,East,42.07,1,0.1,2.49
2025-07-18,Tablet,Electronics,North,565.14,2,0.05,130.82
2025-07-22,Keyboard,Accessories,South,68.62,2,0.2,11.86
2025-07-25,Printer,Office Supplies,East,1065.57,6,0.0,110.43
2025-07-29,Laptop,Electronics,South,4024.43,7,0.15,616.9
2025-08-02,Headphones,Accessories,North,425.63,5,0.0,96.62
2025-08-05,Mouse,Accessories,West,21.09,1,0.2,1.4
2025-08-09,Headphones,Accessories,East,66.17,1,0.15,11.75
2025-08-13,Tablet,Electronics,North,759.52,3,0.2,158.06
2025-08-16,Mouse,Accessories,West,45.16,2,0.1,5.39
2025-08-20,Laptop,Electronics,West,2903.2,5,0.15,277.72
2025-08-24,Tablet,Electronics,South,2891.7,10,0.1,626.58
2025-08-27,Mobile,Electronics,North,2112.12,6,0.0,486.16
2025-08-31,Keyboard,Accessories,West,330.15,7,0.0,33.22
2025-09-04,Laptop,Electronics,East,2358.8,4,0.15,303.22
2025-09-08,Keyboard,Accessories,East,283.13,7,0.15,25.91
2025-09-11,Monitor,Electronics,South,1501.52,8,0.2,131.89
2025-09-15,Mobile,Electronics,West,266.39,1,0.2,50.9
2025-09-19,Mobile,Electronics,North,1817.93,6,0.1,197.9
2025-09-22,Laptop,Electronics,East,4744.91,8,0.15,1032.59
2025-09-26,Mobile,Electronics,West,1792.96,5,0.0,370.01
2025-09-30,Mouse,Accessories,West,80.66,4,0.2,5.54
2025-10-03,Mobile,Electronics,South,555.93,2,0.2,80.33
2025-10-07,Keyboard,Accessories,East,282.91,6,0.0,67.42
2025-10-11,Keyboard,Accessories,East,227.37,6,0.2,6.42
2025-10-14,Tablet,Electronics,North,273.85,1,0.1,15.48
2025-10-18,Keyboard,Accessories,East,351.63,9,0.15,40.72
2025-10-22,Tablet,Electronics,North,1917.72,6,0.0,288.01
2025-10-25,Keyboard,Accessories,East,110.76,3,0.15,6.21
2025-10-29,Mouse,Accessories,South,83.92,4,0.2,11.22
2025-11-02,Printer,Office Supplies,East,554.77,4,0.2,14.88
2025-11-05,Tablet,Electronics,North,937.01,3,0.0,88.6
2025-11-09,Headphones,Accessories,North,760.93,10,0.1,141.72
2025-11-13,Monitor,Electronics,South,602.28,3,0.05,47.86
2025-11-16,Laptop,Electronics,East,2102.61,3,0.0,325.6
2025-11-20,Keyboard,Accessories,East,170.69,4,0.05,38.42
2025-11-24,Mobile,Electronics,South,2497.74,7,0.05,648.66
2025-11-27,Printer,Office Supplies,East,679.06,4,0.1,81.66
2025-12-01,Keyboard,Accessories,East,369.69,9,0.05,80.57
2025-12-05,Mobile,Electronics,North,340.01,1,0.05,50.1
2025-12-08,Monitor,Electronics,East,1691.44,8,0.1,113.73
2025-12-12,Monitor,Electronics,East,1483.54,7,0.05,96.09
2025-12-16,Monitor,Electronics,South,422.57,2,0.05,31.17
2025-12-19,Mobile,Electronics,South,2568.09,8,0.05,220.87
2025-12-23,Keyboard,Accessories,West,46.55,1,0.0,10.67
2025-12-27,Monitor,Electronics,North,2031.16,9,0.0,553.36
2025-12-31,Mouse,Accessories,East,224.71,9,0.0,30.82
